scenario,mode,predictor,trajectory,location,normal_force_rmse,cartesian_rmse_m,orientation_rmse_deg,contact_fraction,task_progress_m,governed_progress_m,max_progress_lag_m,governor_min_scale,human_input_J,human_output_J,human_net_J,human_physical_work_J,human_work_discrepancy_J,peak_human_output_W,residual_net_J,sampled_task_work_J,physical_task_work_J,task_work_discrepancy_J,max_qvel_prediction_error,prediction_bound_violations,ledger_floor_violations,human_floor_violations,residual_floor_violations,whole_floor_violations,qp_intervention_steps,qp_fallback_steps,torque_limit_steps,torque_rate_limit_steps,joint_limit_violations,mean_solve_time_ms,max_solve_time_ms,slide_acceleration_p99_m_s2,slide_jerk_p99_m_s3,slide_torque_rate_p99_Nm_s,nominal_targets_passed
A_accurate_no_human,C0_nominal,oracle,straight,tool,0.30182730132279983,0.003846468684975983,0.9550330883979482,1.0,0.12,0.12,0.0,1.0,0.0,0.0,0.0,0.0,0.0,0.0,0.0,-0.214529814823783,-0.21456639814560025,-3.658332181724622e-05,0.002174200177499242,0,0,0,0,0,2,0,0,2,0,0.0,0.0,0.14726960625980562,2.9758227597887164,7.833286982711237,True
A_accurate_no_human,C1_whole_port_qp,oracle,straight,tool,0.30182782126689944,0.0038464715600994865,0.9550343104645643,1.0,0.12,0.12,0.0,1.0,0.0,0.0,0.0,0.0,0.0,0.0,0.0,-0.21452974959824073,-0.2145663318119681,-3.6582213727376356e-05,0.0021773768656276594,0,0,0,0,0,2,0,0,2,0,0.19572393789089151,2.552957972511649,0.14726694282405686,2.9760365783529763,7.833305617129125,True
A_accurate_no_human,C2_residual_qp,oracle,straight,tool,0.3018278143706663,0.0038464712466130557,0.9550341763088526,1.0,0.12,0.12,0.0,1.0,0.0,0.0,0.0,0.0,0.0,0.0,0.0,-0.21452974943857006,-0.21456633165290884,-3.6582214338776176e-05,0.0021773771633466937,0,0,0,0,0,2,0,0,2,0,0.1940318852596517,0.3073749830946326,0.14726694410393415,2.9760367463396866,7.833305697236791,True
A_accurate_no_human,C3_dual_ledger_qp,oracle,straight,tool,0.3018278143706663,0.0038464712466130557,0.9550341763088526,1.0,0.12,0.12,0.0,1.0,0.0,0.0,0.0,0.0,0.0,0.0,0.0,-0.21452974943857006,-0.21456633165290884,-3.6582214338776176e-05,0.0021773771633466937,0,0,0,0,0,2,0,0,2,0,0.19474901105942471,0.3261669771745801,0.14726694410393415,2.9760367463396866,7.833305697236791,True
B_mismatch_no_human,C0_nominal,friction,straight,tool,0.30182730132279983,0.003846468684975983,0.9550330883979482,1.0,0.12,0.12,0.0,1.0,0.0,0.0,0.0,0.0,0.0,0.0,-0.10300292079378555,-0.214529814823783,-0.21456639814560025,-3.658332181724622e-05,0.002174200177499242,0,0,0,0,0,2,0,0,2,0,0.0,0.0,0.14726960625980562,2.9758227597887164,7.833286982711237,True
B_mismatch_no_human,C1_whole_port_qp,friction,straight,tool,0.30182782126689944,0.0038464715600994865,0.9550343104645643,1.0,0.12,0.12,0.0,1.0,0.0,0.0,0.0,0.0,0.0,0.0,-0.10300286866267569,-0.21452974959824073,-0.2145663318119681,-3.6582213727376356e-05,0.0021773768656276594,0,0,0,0,0,2,0,0,2,0,0.1956712059410555,0.5351249710656703,0.14726694282405686,2.9760365783529763,7.833305617129125,True
B_mismatch_no_human,C2_residual_qp,friction,straight,tool,0.30182781534641817,0.0038464712571365306,0.9550341808222554,1.0,0.12,0.12,0.0,1.0,0.0,0.0,0.0,0.0,0.0,0.0,-0.1030028679601523,-0.21452974943109565,-0.2145663316452995,-3.658221420385632e-05,0.002177377030238587,0,0,0,0,0,2,0,0,2,0,0.19475294145688946,0.35220797872170806,0.14726694413360594,2.976036747425671,7.833305694678519,True
B_mismatch_no_human,C3_dual_ledger_qp,friction,straight,tool,0.30182781534641817,0.0038464712571365306,0.9550341808222554,1.0,0.12,0.12,0.0,1.0,0.0,0.0,0.0,0.0,0.0,0.0,-0.1030028679601523,-0.21452974943109565,-0.2145663316452995,-3.658221420385632e-05,0.002177377030238587,0,0,0,0,0,2,0,0,2,0,0.1950143352150917,0.3563750069588423,0.14726694413360594,2.976036747425671,7.833305694678519,True
C_ee_oblique_blocking,C0_nominal,oracle,straight,tool,0.3555242054305468,0.006087214937692634,0.9834219692768686,1.0,0.12,0.12,0.0,1.0,0.0,0.26287708561240264,-0.26287708561240264,-0.26278014422777246,9.69413846301781e-05,0.19390268200633667,-0.26287708561240264,-0.21169046137247519,-0.21177133351570387,-8.087214322868852e-05,0.002167356394106398,0,2621,2621,0,2057,2,0,0,2,0,0.0,0.0,0.19920001516252772,10.159663601375666,17.31969211044659,False
C_ee_oblique_blocking,C1_whole_port_qp,oracle,straight,tool,2.9160036421662197,0.025464969977255145,2.693797547567792,0.7231547017189079,0.12,0.12,0.0,1.0,0.0,0.16218193324468855,-0.16218193324468855,-0.1621966700755213,-1.4736830832751124e-05,0.19390268156645196,-0.16218193324468858,-0.11914575800837122,-0.11927904807102141,-0.00013329006265018484,0.004199647063941582,120,1472,2621,0,1472,2187,1535,0,478,0,0.20007004311108695,17.302584019489586,0.8660516458185237,1144.512560164111,2120.7890971852994,False
C_ee_oblique_blocking,C2_residual_qp,oracle,straight,tool,0.35552447963046346,0.006087216557234574,0.9834230543634254,1.0,0.12,0.12,0.0,1.0,0.0,0.26287708510805324,-0.26287708510805324,-0.2627801437241135,9.69413839397304e-05,0.19390268232648844,-0.26287708510805324,-0.21169039801343395,-0.21177126905219654,-8.087103876258661e-05,0.002170498937780767,0,0,2621,0,2057,2,0,0,2,0,0.19938877880174136,2.6962499832734466,0.1992012339345368,10.159907134959614,17.319691988338715,False
C_ee_oblique_blocking,C3_dual_ledger_qp,oracle,straight,tool,2.8686930658073213,0.01566761569659141,3.024234626838895,0.8956521739130435,0.12,0.12,0.0,1.0,0.0,0.049381867709618395,-0.049381867709618395,-0.04941170243522628,-2.9834725607885693e-05,0.14812872282947498,-0.04938186770961842,-0.4022181966746352,-0.4087108955209527,-0.0064926988463174795,0.0022922720138546463,0,0,0,0,1310,1360,0,0,36,0,0.19619928410975263,0.46533398563042283,4.907572654775714,385.73808868614447,261.8367040372905,False
D_forearm_wiping,C0_nominal,friction,wipe,forearm,0.3699557247655024,0.003942433676467239,0.9505750064062951,1.0,0.1693350000000066,0.1693350000000066,0.0,1.0,0.01048696485869987,0.15810229741270654,-0.14761533255400677,-0.14751963871928928,9.569383471749737e-05,0.14211825707358727,-0.20387095489504858,-0.2787869930476243,-0.27899857865175604,-0.00021158560413175875,0.00037773304890892443,0,3276,3276,0,2546,1,0,0,1,0,0.0,0.0,0.17521895773709312,247.09449599366286,23.72703621984619,True
D_forearm_wiping,C1_whole_port_qp,friction,wipe,forearm,3.060178566130332,0.03550632593279658,1.3886671126035954,0.6524810765349033,0.1693350000000066,0.1693350000000066,0.0,1.0,0.010486965128970788,0.1493274070467244,-0.1388404419177534,-0.13879857463160217,4.186728615124258e-05,0.14211825388380053,-0.16690369131722774,-0.14108801866192466,-0.14112184621724666,-3.382755532199688e-05,0.003079286759712909,1,0,3276,0,0,2683,2424,0,457,0,0.19657337728131097,2.534667029976845,1.3187245944784838,970.725339998115,2146.781710048571,False
D_forearm_wiping,C2_residual_qp,friction,wipe,forearm,0.3699557111950214,0.003942433658919608,0.9505749993940129,1.0,0.1693350000000066,0.1693350000000066,0.0,1.0,0.010486964480279711,0.15810229860780367,-0.1476153341275241,-0.14751964029461712,9.569383290697342e-05,0.1421182583675515,-0.20387095633980878,-0.27878699263866485,-0.2789985782458333,-0.00021158560716844077,0.0003777330512833205,0,0,3276,0,2546,1,0,0,1,0,0.19719088290003128,0.3072079853154719,0.17521895753383815,247.09449609472185,23.727036232474042,True
D_forearm_wiping,C3_dual_ledger_qp,friction,wipe,forearm,0.35386431639135135,0.004259264919613426,1.197651719706743,1.0,0.1693350000000066,0.1693350000000066,0.0,1.0,0.010486963593171614,0.05964445139622955,-0.04915748780305796,-0.04924216093339735,-8.467313033939244e-05,0.13818437455857635,-0.10264342029457028,-0.2757877981033857,-0.27595763678709156,-0.00016983868370584743,0.00045252056291062055,0,0,0,0,966,979,0,0,1,0,0.19770396502281073,0.29741600155830383,0.33154421386045674,245.72692624269044,55.18156917415823,True
E_release_recovery,C0_nominal,oracle,straight,tool,0.357733160173227,0.005349017285925787,0.9209580661489158,1.0,0.12,0.12,0.0,1.0,0.0,0.24020294996782196,-0.24020294996782196,-0.24011005943901223,9.289052880973037e-05,0.20685347986557684,-0.24020294996782202,-0.2135328410559107,-0.21366028219725575,-0.0001274411413450527,0.002171569108317648,0,3946,3946,0,3339,2,0,0,2,0,0.0,0.0,0.17751780351332574,7.61068528445514,13.578663138418788,False
E_release_recovery,C1_whole_port_qp,oracle,straight,tool,3.307009870053453,0.02539814448326327,1.0509822059304685,0.6338099243061396,0.12,0.12,0.0,1.0,0.0,0.17741842619029102,-0.17741842619029102,-0.1774409488207206,-2.2522630429566703e-05,0.20685348011702634,-0.17741842619029102,-0.10316365689293079,-0.10317829013801162,-1.4633245080830637e-05,0.004058895488297542,107,2267,3946,0,2267,3439,2778,0,929,0,0.1997806062718155,4.006083006970584,3.0945347105171606,1065.2354141687156,1504.9557148036833,False
E_release_recovery,C2_residual_qp,oracle,straight,tool,0.357733758150436,0.0053490192276379744,0.9209593357238768,1.0,0.12,0.12,0.0,1.0,0.0,0.24020294982270246,-0.24020294982270246,-0.24011005929410964,9.289052859282054e-05,0.20685347986122754,-0.24020294982270246,-0.2135327867213554,-0.2136602267707047,-0.00012744004934930886,0.0021747365373811166,0,0,3946,0,3339,2,0,0,2,0,0.19571089904638939,0.5470420001074672,0.17751761108232744,7.611492787120402,13.578663125685207,False
E_release_recovery,C3_dual_ledger_qp,oracle,straight,tool,2.364560229347042,0.01209649998838629,1.706462222604993,0.9539108494533222,0.12,0.12,0.0,1.0,0.0,0.04947131640851081,-0.04947131640851081,-0.049489049322811604,-1.7732914300794267e-05,0.15238772389406294,-0.049471316408510796,-0.366975596999587,-0.3708846269728398,-0.00390902997325282,0.002253982112059082,0,0,0,0,2814,1180,0,0,34,0,0.1983990017834003,0.3430410288274288,3.859473628358432,160.42476965053348,179.46618272064245,False
