scenario,scenario_name,mode,duration,governor,rmse_fn,rmse_vt,rmse_x,rmse_fn_human,rmse_vt_human,t_e1_start,t_e1_end,rmse_fn_e1,rmse_vt_e1,rms_delta_ut_e1,peak_abs_delta_ut_e1,rms_delta_un_e1,peak_abs_delta_un_e1,rms_u_dev_w_e1,peak_u_dev_w_e1,p_h_peak,w_h_max,w_h_final,w_r_max,w_r_final,i_u,active_fraction,false_active_fraction,e_h_min_raw,e_r_min_raw,e_w_min_raw,e_h_final,e_r_final,e_h_drift,e_r_drift,w_h_margin,w_r_margin,n_infeasible,n_emergency,n_bound_violations,n_floor_violations,n_safety_clipped,e_h_below_steps,e_r_below_steps,p_h_violations,e_v_bound,pred_err_med,pred_err_p99,pred_err_max,bound_util_max,t_first_active,t_first_ledger_active,solve_ms_med,solve_ms_p99,solve_ms_max,gov_freeze_events,max_ref_err_governed,max_ref_err_original,t_release_start,t_release_end,recovery_time,peak_fn_post,peak_vt_post,peak_tau_post,max_step_delta_ut_post,peak_abs_ut_post,peak_abs_vt_post,peak_abs_fn_error_post,reference_debt_release,original_reference_debt_release,rmse_ut_c3_c4_e1,max_ut_c3_c4_e1,rmse_un_c3_c4_e1,max_un_c3_c4_e1
A,exact_no_human,C0_nominal,13.99999999999768,False,0.032518076563911084,0.0024815574872102384,0.004292136993165718,nan,nan,,,,,,,,,,,-0.0,-0.0,-0.0,-0.0,-0.0,0.0,0.0,0.0,0.05,0.3,-0.5398398553873862,0.05,0.3,0.0,0.0,0.045000000000000005,0.27999999999999997,0,0,0,0,0,0,0,0,0.025,0.00014765587047967625,0.00017593439612273697,0.0021652995639759955,0.08661198255903982,,,,,,0,0.0055706249193197,0.0055706249193197,,,,,,,,,,,,,,,,
A,exact_no_human,C1_whole_port_qp,13.99999999999768,False,0.4240366884155538,0.04003703975221587,0.17778049322723907,nan,nan,,,,,,,,,,,-0.0,-0.0,-0.0,-0.0,-0.0,62917.63570420766,0.5893949694085656,0.5893949694085656,0.05,0.3,0.006846845563501018,0.05,0.3,0.0,0.0,0.045000000000000005,0.27999999999999997,7658,7658,0,7162,0,0,0,0,0.025,1.9931137618897807e-07,0.004307138657874516,0.005381274938639756,0.21525099754559024,0.7610000000000006,5.947000000000321,0.030416005756706,0.04037500184495002,0.25129198911599815,0,0.38172786750850396,0.38172786750850396,,,,,,,,,,,,,,,,
A,exact_no_human,C2_residual_qp,13.99999999999768,False,0.03252378281989321,0.0024814459773384884,0.004292130649514239,nan,nan,,,,,,,,,,,-0.0,-0.0,-0.0,-0.0,-0.0,0.003780187306132452,7.553440592189743e-05,7.553440592189743e-05,0.05,0.3,-0.5398711209840278,0.05,0.3,0.0,0.0,0.045000000000000005,0.27999999999999997,0,0,0,0,0,0,0,0,0.025,0.0001476556659717174,0.0001759343890999416,0.0021652139141424684,0.08660855656569873,0.7610000000000006,,0.024791996111162007,0.03362499424838461,0.16845799109432846,0,0.00557063568324645,0.00557063568324645,,,,,,,,,,,,,,,,
A,exact_no_human,C3_dual_ledger_qp,13.99999999999768,False,0.03252378281989321,0.0024814459773384884,0.004292130649514239,nan,nan,,,,,,,,,,,-0.0,-0.0,-0.0,-0.0,-0.0,0.003780187306132452,7.553440592189743e-05,7.553440592189743e-05,0.05,0.3,-0.5398711209840278,0.05,0.3,0.0,0.0,0.045000000000000005,0.27999999999999997,0,0,0,0,0,0,0,0,0.025,0.0001476556659717174,0.0001759343890999416,0.0021652139141424684,0.08660855656569873,0.7610000000000006,,0.024957989808171988,0.03520883517921904,0.23583299480378628,0,0.00557063568324645,0.00557063568324645,,,,,,,,,,,,,,,,
A,exact_no_human,C4_dual_ledger_safe_scalar,13.99999999999768,False,0.03250647918345354,0.002481789199273448,0.0042921669645743085,nan,nan,,,,,,,,,,,-0.0,-0.0,-0.0,-0.0,-0.0,0.015829549105702483,7.553440592189743e-05,7.553440592189743e-05,0.05,0.3,-0.5397766812901834,0.05,0.3,0.0,0.0,0.045000000000000005,0.27999999999999997,0,0,0,0,0,0,0,0,0.025,0.000147656878359355,0.00017593439596508306,0.002165464564814225,0.086618582592569,0.7610000000000006,,0.041749997762963176,0.04900040483335034,0.1532500027678907,0,0.005570624918220801,0.005570624918220801,,,,,,,,,,,,,,,,
B,mismatch_no_human,C0_nominal,14.999999999997126,False,0.11679659293132033,0.002471854752206582,0.004494866634515504,nan,nan,,,,,,,,,,,-0.0,-0.0,-0.0,0.28551903142171514,0.28551903142171514,0.0,0.0,0.0,0.05,0.014480968578286648,-0.6095095497440368,0.05,0.014480968578286648,0.0,0.28551903142171337,0.045000000000000005,-0.00551903142171517,0,0,0,0,0,0,254,0,0.025,0.00014802286118983254,0.0001897793537741313,0.00412545972264814,0.16501838890592557,,,,,,0,0.007721953871773324,0.007721953871773324,,,,,,,,,,,,,,,,
B,mismatch_no_human,C1_whole_port_qp,14.999999999997126,False,0.4070519733197102,0.040907047747102826,0.20525486437299387,nan,nan,,,,,,,,,,,-0.0,-0.0,-0.0,0.08194469832077562,0.07396474622708182,90407.83914982712,0.6182316173888616,0.6182316173888616,0.05,0.2180553016792241,0.006846772470390366,0.05,0.2260352537729156,0.0,0.08194469832077589,0.045000000000000005,0.19805530167922436,8658,8658,0,8162,0,0,0,0,0.025,1.2463331435923528e-07,0.004215349656309654,0.005381274938639756,0.21525099754559024,0.7610000000000006,5.947000000000321,0.030540992156602442,0.039499995327787474,0.2099999983329326,0,0.43172786780585715,0.43172786780585715,,,,,,,,,,,,,,,,
B,mismatch_no_human,C2_residual_qp,14.999999999997126,False,0.3408595572050005,0.002969269420183773,0.004570284496484469,nan,nan,,,,,,,,,,,-0.0,-0.0,-0.0,0.27718621672885646,0.2767675598664029,5.140698048146369,0.011306973804340193,0.011306973804340193,0.05,0.022813783271143504,-0.5990361425843027,0.05,0.023232440133597154,0.0,0.27718621672885646,0.045000000000000005,0.0028137832711435107,0,0,0,0,0,0,0,0,0.025,0.0001479763743650347,0.0020269270484101366,0.008762890723488525,0.35051562893954097,0.7610000000000006,14.588999999997354,0.025667002773843706,0.038291003002086654,0.14354199811350554,0,0.010311167079507966,0.010311167079507966,,,,,,,,,,,,,,,,
B,mismatch_no_human,C3_dual_ledger_qp,14.999999999997126,False,0.3408595572050005,0.002969269420183773,0.004570284496484469,nan,nan,,,,,,,,,,,-0.0,-0.0,-0.0,0.27718621672885646,0.2767675598664029,5.140698048146369,0.011306973804340193,0.011306973804340193,0.05,0.022813783271143504,-0.5990361425843027,0.05,0.023232440133597154,0.0,0.27718621672885646,0.045000000000000005,0.0028137832711435107,0,0,0,0,0,0,0,0,0.025,0.0001479763743650347,0.0020269270484101366,0.008762890723488525,0.35051562893954097,0.7610000000000006,14.588999999997354,0.025582994567230344,0.0355829979525879,0.09633299487177283,0,0.010311167079507966,0.010311167079507966,,,,,,,,,,,,,,,,
C,oracle_blocking,C0_nominal,11.999999999998789,False,0.21925533018733273,0.0051131778361334385,0.006769569776790609,0.34862010308451263,0.007548337376620382,6.5,8.5,0.017875030285126724,0.003017291245906195,0.0,0.0,0.0,0.0,0.0,0.0,0.14987226275513318,0.3614385576049371,0.3614385576049371,0.3614385576049371,0.3614385576049371,0.0,0.0,0.0,-0.31143855760493727,-0.06143855760493807,-0.7541651740940314,-0.31143855760493727,-0.06143855760493807,0.36143855760493726,0.36143855760493804,-0.3164385576049371,-0.08143855760493712,0,0,0,0,0,5351,3761,2290,0.025,0.00014700412563880842,0.00016063005251644127,0.0032588289858072627,0.1303531594322905,,,,,,0,0.011667082591927946,0.011667082591927946,8.5,9.0,0.15800000000036363,7.236548058717273,0.07089067342795907,16.671274302982454,0.1094617898328929,4.669728791636898,0.07089067342795907,5.0,0.011666183289674836,0.011666183289674836,,,,
C,oracle_blocking,C2_residual_qp,11.999999999998789,False,0.5427612258999035,0.024248894668386815,0.011234676681380878,0.6680147416821763,0.03326596175900767,6.5,8.5,0.08909160621753437,0.018388969399878965,3.0716640813513134,10.779162994876126,0.004223549206666761,0.014984379847576612,3.071722154756486,10.77937129441672,0.1498722614220024,0.2784471601242158,0.2784471601242158,0.27844716012421583,0.27844716012421583,100.87622794442555,0.07634131150458226,8.897588753447816e-05,-0.22844716012421545,0.021552839875785147,-0.6607600514766332,-0.22844716012421545,0.021552839875785147,0.27844716012421544,0.27844716012421483,-0.23344716012421576,0.00155283987578414,0,0,0,0,0,5351,0,1679,0.025,0.0001467319112850562,0.00022168177768044965,0.004188914369015203,0.16755657476060812,0.7610000000000006,8.089000000000956,0.025083005311898887,0.033249991247430444,0.0832090008771047,0,0.042023798522482725,0.042023798522482725,8.5,9.0,0.5790000000001303,9.88455159006159,0.24672112556844986,17.553741820934953,0.382001732285012,7.998577332450317,0.24672112556844986,5.0,0.027220690581674645,0.027220690581674645,,,,
C,oracle_blocking,C3_dual_ledger_qp,11.999999999998789,False,1.1077979525208423,0.06936215878848853,0.039492606742400335,1.4856803345295817,0.07441843468902028,6.5,8.5,0.06524366883573368,0.04849057253326347,24.98766632442765,42.16815486643588,0.06038458906387481,0.101934060761109,24.989125521171484,42.170618870187155,0.09973569743526327,0.04361424602770595,0.04361424602770595,0.04361424602770595,0.04361424602770595,2148.6945712902816,0.22395230892428153,8.897588753447816e-05,0.00638575397229401,0.2563857539722941,-0.38696966196516197,0.00638575397229401,0.2563857539722941,0.04361424602770599,0.043614246027705916,0.0013857539722940543,0.23638575397229403,0,0,0,0,0,0,0,0,0.025,0.0001465431754923818,0.0006194688412982426,0.0113684425567176,0.45473770226870397,0.7610000000000006,6.450000000000489,0.025499997718725353,0.032832991710165516,0.07241699495352805,0,0.12037599697526502,0.12037599697526502,8.5,9.0,0.6630000000000837,24.17575518102024,0.6812988645320022,26.05498415480232,1.6983894600713505,24.926204606656512,0.6812988645320022,19.17575518102024,0.1054718916122962,0.1054718916122962,0.029406516853287185,0.17648926996831538,3.914240799090678,4.554319642903392
C,oracle_blocking,C4_dual_ledger_safe_scalar,11.999999999998789,False,2.215394050617602,0.06900743133850577,0.03949871352673744,3.755421748858218,0.07481300188898132,6.5,8.5,3.9096128544658875,0.04849077622523472,24.99049840689751,42.16936456661786,6.07941692739219,7.001930397328427,36.92846076086032,52.52424101053686,0.09975766516094449,0.04363055164451045,0.04363055164451045,0.04363055164451045,0.04363055164451045,2287.5059721319276,0.22421923658688495,8.897588753447816e-05,0.0063694483554895,0.2563694483554899,-0.4003650593027087,0.0063694483554895,0.2563694483554899,0.043630551644510504,0.043630551644510074,0.0013694483554895567,0.2363694483554895,0,0,0,0,0,0,0,0,0.025,0.00014651902217027743,0.0006553921624844589,0.011515909483739874,0.46063637934959495,0.7610000000000006,6.450000000000489,0.04191700281808153,0.05108400364406407,0.08850000449456275,0,0.12037169749820786,0.12037169749820786,8.5,9.0,0.6460000000000932,18.651183045913264,0.6628679716996357,27.117975498088484,1.6803797276546355,20.72797205234147,0.6628679716996357,13.651183045913264,0.10547187423202975,0.10547187423202975,0.029406516853287185,0.17648926996831538,3.914240799090678,4.554319642903392
D,mismatch_blocking,C0_nominal,11.999999999998789,False,0.21925533018733273,0.0051131778361334385,0.006769569776790609,0.34862010308451263,0.007548337376620382,6.5,8.5,0.017875030285126724,0.003017291245906195,0.0,0.0,0.0,0.0,0.0,0.0,0.14987226275513318,0.3614385576049371,0.3614385576049371,0.5756228658433468,0.5756228658433468,0.0,0.0,0.0,-0.31143855760493727,-0.27562286584334883,-0.7541651740940314,-0.31143855760493727,-0.27562286584334883,0.36143855760493726,0.5756228658433489,-0.3164385576049371,-0.2956228658433468,0,0,0,0,0,5351,4483,2290,0.025,0.00014700412563880842,0.00016063005251644127,0.0032588289858072627,0.1303531594322905,,,,,,0,0.011667082591927946,0.011667082591927946,8.5,9.0,0.15800000000036363,7.236548058717273,0.07089067342795907,16.671274302982454,0.1094617898328929,4.669728791636898,0.07089067342795907,5.0,0.011666183289674836,0.011666183289674836,,,,
D,mismatch_blocking,C2_residual_qp,11.999999999998789,False,1.4207238711876327,0.04446314269826662,0.026856431502075322,1.3948996527561932,0.03203812358275222,6.5,8.5,1.319840956112354,0.032816397927267094,10.701209762623073,32.43444532738116,0.5709819729470117,15.063036534575108,11.001649815017227,71.00582893250025,0.14958311196961774,0.18856696569992,0.18851713260316327,0.2809503557995594,0.27589622046580314,1067.364316097811,0.2874810926238989,0.14796690096983717,-0.13856696569991966,0.019049644200439156,-0.4260235760159391,-0.13851713260316306,0.024103779534195825,0.18856696569991965,0.28095035579956085,-0.14356696569991997,-0.0009503557995594325,1192,1192,0,26,0,5351,26,969,0.025,0.00014695151592069517,0.00433777817717523,0.009657930304927094,0.38631721219708376,0.7610000000000006,7.367000000000795,0.026749999960884452,0.045458420354407295,2.086667009280063,0,0.09113720452530927,0.09113720452530927,8.5,9.0,,17.46630191667403,0.45383885942464536,32.45294571462214,29.2975501836951,29.825618556430715,0.45383885942464536,12.46630191667403,0.05828229430148668,0.05828229430148668,,,,
D,mismatch_blocking,C3_dual_ledger_qp,11.999999999998789,False,1.1077979525220478,0.06936215878845975,0.0394926067423663,1.4856803345326128,0.07441843468901344,6.5,8.5,0.06524366883491181,0.04849057253324971,24.98766632440829,42.168154866414085,0.060384589063791745,0.10193406076098999,24.989125521152122,42.170618870165356,0.09973569743515386,0.04361424602770588,0.04361424602770588,0.2587495391138702,0.2587495391138702,2148.6945712875277,0.22395230892428153,8.897588753447816e-05,0.0063857539722941385,0.04125046088612805,-0.38696966196544885,0.0063857539722941385,0.04125046088612805,0.04361424602770586,0.25874953911387194,0.0013857539722941237,0.02125046088612975,0,0,0,0,0,0,0,0,0.025,0.00014654317549240997,0.0006194688412177789,0.011368442556704945,0.4547377022681978,0.7610000000000006,6.450000000000489,0.026209003408439457,0.034541003697086126,0.34425000194460154,0,0.1203759969752104,0.1203759969752104,8.5,9.0,0.6630000000000837,24.17575518099204,0.6812988645317861,26.054984154736125,1.6983894556880053,24.926204606579947,0.6812988645317861,19.17575518099204,0.10547189161224169,0.10547189161224169,0.029406516854459594,0.17648926997411207,3.9142407990932884,4.554319642905738
D,mismatch_blocking,C4_dual_ledger_safe_scalar,11.999999999998789,False,2.215394050617602,0.06900743133850577,0.03949871352673744,3.755421748858218,0.07481300188898132,6.5,8.5,3.9096128544658875,0.04849077622523472,24.99049840689751,42.16936456661786,6.07941692739219,7.001930397328427,36.92846076086032,52.52424101053686,0.09975766516094449,0.04363055164451045,0.04363055164451045,0.25069742602444234,0.25069742602444234,2287.5059721319276,0.22421923658688495,8.897588753447816e-05,0.0063694483554895,0.04930257397555694,-0.4003650593027087,0.0063694483554895,0.04930257397555694,0.043630551644510504,0.25069742602444306,0.0013694483554895567,0.029302573975557633,0,0,0,0,0,0,0,0,0.025,0.00014651902217027743,0.0006553921624844589,0.011515909483739874,0.46063637934959495,0.7610000000000006,6.450000000000489,0.04416600859258324,0.05266741456580349,0.12229199637658894,0,0.12037169749820786,0.12037169749820786,8.5,9.0,0.6460000000000932,18.651183045913264,0.6628679716996357,27.117975498088484,1.6803797276546355,20.72797205234147,0.6628679716996357,13.651183045913264,0.10547187423202975,0.10547187423202975,0.029406516854459594,0.17648926997411207,3.9142407990932884,4.554319642905738
E,oracle_oblique,C0_nominal,11.999999999998789,False,0.253587173502413,0.004199092760870724,0.005887515458960847,0.42730892092288875,0.0056465146614797955,6.5,8.5,0.11239962921557617,0.002090138584638943,0.0,0.0,0.0,0.0,0.0,0.0,0.10673677417009221,0.2593719341159625,0.2593719341159625,0.2593719341159625,0.2593719341159625,0.0,0.0,0.0,-0.20937193411596272,0.040628065884036495,-0.65025602851317,-0.20937193411596272,0.040628065884036495,0.2593719341159627,0.2593719341159635,-0.21437193411596248,0.020628065884037483,0,0,0,0,0,5238,0,1888,0.025,0.00014693291728120142,0.0001591607810124235,0.002912709363832372,0.11650837455329488,,,,,,0,0.009473238036109,0.009473238036109,8.5,9.0,0.07900000000040741,6.7262961793307685,0.0670175247412225,17.495399177108307,0.0975360440128239,3.7921750526022344,0.0670175247412225,5.0,0.009472242114701768,0.009472242114701768,,,,
E,oracle_oblique,C3_dual_ledger_qp,11.999999999998789,False,1.0354784652183902,0.0632533134095664,0.03547252594689952,1.3940758746101949,0.07193930771004169,6.5,8.5,0.5119293574479646,0.045654910406608656,22.7097305574153,39.43086476037975,0.3452727907671465,0.5998335560445764,22.76216439601658,39.52200781400787,0.09223267285281014,0.043582692247665616,0.043582692247665616,0.043582692247665616,0.043582692247665616,1782.6411682277712,0.21122875700685115,8.897588753447816e-05,0.006417307752334354,0.2564173077523347,-0.37486995464049644,0.006417307752334354,0.2564173077523347,0.04358269224766565,0.04358269224766531,0.0014173077523343888,0.23641730775233435,0,0,0,0,0,0,0,0,0.025,0.00014654856382513413,0.0005187849343673236,0.01002765911502502,0.4011063646010008,0.7610000000000006,6.590000000000535,0.025291999918408692,0.03720940978382715,1.3352079986361787,0,0.11012227839545552,0.11012227839545552,8.5,9.0,0.6550000000000882,21.513597506957794,0.6200233408714001,24.276198675582258,1.402869872589914,21.75972658627286,0.6200233408714001,16.513597506957794,0.0965614690209804,0.0965614690209804,0.07652232819813272,0.19510063884121376,2.76060005242786,3.413250813988214
E,oracle_oblique,C4_dual_ledger_safe_scalar,11.999999999998789,False,1.492148750397308,0.06491685399252688,0.036122339784637574,2.3729610523286007,0.07802329082717793,6.5,8.5,2.263965975774448,0.04650256696108814,23.237771996391448,40.14703747016714,3.9077415181771493,4.55701841203568,29.07581336461602,45.02347114321205,0.09223283882881605,0.04357575279283543,0.04357575279283543,0.043575752792835425,0.043575752792835425,1935.5959184836745,0.21113978111931667,8.897588753447816e-05,0.006424247207164626,0.25642424720716456,-0.3783364340449561,0.006424247207164626,0.25642424720716456,0.043575752792835376,0.04357575279283543,0.0014242472071645737,0.23642424720716454,0,0,0,0,0,0,0,0,0.025,0.00014651996885168796,0.0005961815730288232,0.007711898930612505,0.30847595722450016,0.7610000000000006,6.590000000000535,0.04191701009403914,0.05045801925007254,0.08366699330508709,0,0.11241525845322475,0.11241525845322475,8.5,9.0,0.6320000000001009,12.873111787376423,0.6443269688380205,24.90199514467233,1.5541515301121294,19.108405318219518,0.6443269688380205,7.873111787376423,0.09824323433626059,0.09824323433626059,0.07652232819813272,0.19510063884121376,2.76060005242786,3.413250813988214
F,helping_blocking,C0_nominal,13.99999999999768,False,0.2858996513099882,0.006116949275980216,0.006374615308528555,0.3557586415474606,0.007490361526222224,5.5,7.5,0.12374473627284208,0.002502764273844959,0.0,0.0,0.0,0.0,0.0,0.0,0.14970595267152065,-0.0,-0.027168245105697594,-0.0,-0.027168245105697594,0.0,0.0,0.0,-0.2808457137563418,0.1391542862436574,-0.5061334303075029,-0.2808457137563418,0.1391542862436574,0.3308457137563418,0.2,0.045000000000000005,0.27999999999999997,0,0,0,0,0,4634,0,2289,0.025,0.00014739691872741592,0.0001776953409210061,0.0043951238089908065,0.17580495235963225,,,,,,0,0.011893143345193868,0.011893143345193868,11.0,11.5,0.17999999999896588,7.397877954751226,0.06868042366247293,17.71134768502698,0.0563293023064233,4.764189218728074,0.06868042366247293,5.0,0.011890156735290702,0.011890156735290702,,,,
F,helping_blocking,C3_dual_ledger_qp,13.99999999999768,False,0.9377392870793421,0.057080865643179296,0.03206698473753112,0.8567904390327589,0.04882871396800369,5.5,7.5,0.12374473924142858,0.002502770167189972,2.715306355021628e-06,3.201465487379096e-06,5.086242182439786e-07,7.377012032350194e-07,3.542154783363766e-06,4.433683765695542e-06,0.09972076372168147,-0.0,-0.31440922329656146,-0.0,-0.31440922329656146,1672.744688577108,0.19012009970541582,7.553440592189743e-05,0.006395236568866303,0.3,-0.17368168174994503,0.006395236568866303,0.42639523656886485,0.0436047634311337,0.2,0.045000000000000005,0.27999999999999997,0,0,0,0,0,0,0,0,0.025,0.00014681852492738563,0.0006006977145078512,0.006795862111707834,0.2718344844683133,0.7610000000000006,8.950000000000479,0.026374997105449438,0.04595801423420198,0.07845800428185612,0,0.11044278903551907,0.11044278903551907,11.0,11.5,0.9539999999985369,18.49998060859047,0.5970841891190911,23.975490436801845,1.5581305416331048,21.82751171484138,0.5970841891190911,13.49998060859047,0.09558863727853817,0.09558863727853817,,,,
S,stress,C3_dual_ledger_qp,32.00000000001612,True,2.914440995963175,0.018177799262021718,0.05870133085335283,2.662430976664158,0.018895072795175542,5.5,7.5,0.21120356457663192,0.002488556442706242,2.728023167779472e-06,3.0260843506546564e-06,5.081755632500726e-07,7.361754601475923e-07,3.5506278973770425e-06,4.471719206272616e-06,0.09972477696929184,-0.0,-0.8635971248715228,-0.0,-0.8635971248715228,17.072254709853304,0.1282051282051282,0.05730016965972022,0.012964346408221273,0.3,0.05513142602203684,0.08,0.5,0.03703565359177873,0.2,0.045000000000000005,0.27999999999999997,0,0,0,0,0,0,0,0,0.025,0.00015231831838311,0.009087359186308862,0.018529365365035796,0.7411746146014317,0.7610000000000006,9.449000000000202,0.026458001229912043,0.044000410271109944,0.07987499702721834,3,0.16736465945822565,0.7020774192906492,27.5,28.0,,0.0,0.0025705790700886796,22.177845841507462,0.016080226615105886,30.51238981344946,0.02073421437509169,5.0,0.05666983163328232,0.5455575914657738,,,,
